14901,Test 14900,Test,#FFF,Test,14910,Red,15000
14902,Test 14901,Test,#FFF,Test,14911,Red,15001
14903,Test 14902,Test,#FFF,Test,14912,Red,15002
14904,Test 14903,Test,#FFF,Test,14913,Red,15003
14905,Test 14904,Test,#FFF,Test,14914,Red,15004
14906,Test 14905,Test,#FFF,Test,14915,Red,15005
14907,Test 14906,Test,#FFF,Test,14916,Red,15006
14908,Test 14907,Test,#FFF,Test,14917,Red,15007
14909,Test 14908,Test,#FFF,Test,14918,Red,15008
14910,Test 14909,Test,#FFF,Test,14919,Red,15009
14911,Test 14910,Test,#FFF,Test,14920,Red,15010
14912,Test 14911,Test,#FFF,Test,14921,Red,15011
14913,Test 14912,Test,#FFF,Test,14922,Red,15012
14914,Test 14913,Test,#FFF,Test,14923,Red,15013
14915,Test 14914,Test,#FFF,Test,14924,Red,15014
14916,Test 14915,Test,#FFF,Test,14925,Red,15015
14917,Test 14916,Test,#FFF,Test,14926,Red,15016
14918,Test 14917,Test,#FFF,Test,14927,Red,15017
14919,Test 14918,Test,#FFF,Test,14928,Red,15018
14920,Test 14919,Test,#FFF,Test,14929,Red,15019
14921,Test 14920,Test,#FFF,Test,14930,Red,15020
14922,Test 14921,Test,#FFF,Test,14931,Red,15021
14923,Test 14922,Test,#FFF,Test,14932,Red,15022
14924,Test 14923,Test,#FFF,Test,14933,Red,15023
14925,Test 14924,Test,#FFF,Test,14934,Red,15024
14926,Test 14925,Test,#FFF,Test,14935,Red,15025
14927,Test 14926,Test,#FFF,Test,14936,Red,15026
14928,Test 14927,Test,#FFF,Test,14937,Red,15027
14929,Test 14928,Test,#FFF,Test,14938,Red,15028
14930,Test 14929,Test,#FFF,Test,14939,Red,15029
14931,Test 14930,Test,#FFF,Test,14940,Red,15030
14932,Test 14931,Test,#FFF,Test,14941,Red,15031
14933,Test 14932,Test,#FFF,Test,14942,Red,15032
14934,Test 14933,Test,#FFF,Test,14943,Red,15033
14935,Test 14934,Test,#FFF,Test,14944,Red,15034
14936,Test 14935,Test,#FFF,Test,14945,Red,15035
14937,Test 14936,Test,#FFF,Test,14946,Red,15036
14938,Test 14937,Test,#FFF,Test,14947,Red,15037
14939,Test 14938,Test,#FFF,Test,14948,Red,15038
14940,Test 14939,Test,#FFF,Test,14949,Red,15039
14941,Test 14940,Test,#FFF,Test,14950,Red,15040
14942,Test 14941,Test,#FFF,Test,14951,Red,15041
14943,Test 14942,Test,#FFF,Test,14952,Red,15042
14944,Test 14943,Test,#FFF,Test,14953,Red,15043
14945,Test 14944,Test,#FFF,Test,14954,Red,15044
14946,Test 14945,Test,#FFF,Test,14955,Red,15045
14947,Test 14946,Test,#FFF,Test,14956,Red,15046
14948,Test 14947,Test,#FFF,Test,14957,Red,15047
14949,Test 14948,Test,#FFF,Test,14958,Red,15048
14950,Test 14949,Test,#FFF,Test,14959,Red,15049
14951,Test 14950,Test,#FFF,Test,14960,Red,15050
14952,Test 14951,Test,#FFF,Test,14961,Red,15051
14953,Test 14952,Test,#FFF,Test,14962,Red,15052
14954,Test 14953,Test,#FFF,Test,14963,Red,15053
14955,Test 14954,Test,#FFF,Test,14964,Red,15054
14956,Test 14955,Test,#FFF,Test,14965,Red,15055
14957,Test 14956,Test,#FFF,Test,14966,Red,15056
14958,Test 14957,Test,#FFF,Test,14967,Red,15057
14959,Test 14958,Test,#FFF,Test,14968,Red,15058
14960,Test 14959,Test,#FFF,Test,14969,Red,15059
14961,Test 14960,Test,#FFF,Test,14970,Red,15060
14962,Test 14961,Test,#FFF,Test,14971,Red,15061
14963,Test 14962,Test,#FFF,Test,14972,Red,15062
14964,Test 14963,Test,#FFF,Test,14973,Red,15063
14965,Test 14964,Test,#FFF,Test,14974,Red,15064
14966,Test 14965,Test,#FFF,Test,14975,Red,15065
14967,Test 14966,Test,#FFF,Test,14976,Red,15066
14968,Test 14967,Test,#FFF,Test,14977,Red,15067
14969,Test 14968,Test,#FFF,Test,14978,Red,15068
14970,Test 14969,Test,#FFF,Test,14979,Red,15069
14971,Test 14970,Test,#FFF,Test,14980,Red,15070
14972,Test 14971,Test,#FFF,Test,14981,Red,15071
14973,Test 14972,Test,#FFF,Test,14982,Red,15072
14974,Test 14973,Test,#FFF,Test,14983,Red,15073
14975,Test 14974,Test,#FFF,Test,14984,Red,15074
14976,Test 14975,Test,#FFF,Test,14985,Red,15075
14977,Test 14976,Test,#FFF,Test,14986,Red,15076
14978,Test 14977,Test,#FFF,Test,14987,Red,15077
14979,Test 14978,Test,#FFF,Test,14988,Red,15078
14980,Test 14979,Test,#FFF,Test,14989,Red,15079
14981,Test 14980,Test,#FFF,Test,14990,Red,15080
14982,Test 14981,Test,#FFF,Test,14991,Red,15081
14983,Test 14982,Test,#FFF,Test,14992,Red,15082
14984,Test 14983,Test,#FFF,Test,14993,Red,15083
14985,Test 14984,Test,#FFF,Test,14994,Red,15084
14986,Test 14985,Test,#FFF,Test,14995,Red,15085
14987,Test 14986,Test,#FFF,Test,14996,Red,15086
14988,Test 14987,Test,#FFF,Test,14997,Red,15087
14989,Test 14988,Test,#FFF,Test,14998,Red,15088
14990,Test 14989,Test,#FFF,Test,14999,Red,15089
14991,Test 14990,Test,#FFF,Test,15000,Red,15090
14992,Test 14991,Test,#FFF,Test,15001,Red,15091
14993,Test 14992,Test,#FFF,Test,15002,Red,15092
14994,Test 14993,Test,#FFF,Test,15003,Red,15093
14995,Test 14994,Test,#FFF,Test,15004,Red,15094
14996,Test 14995,Test,#FFF,Test,15005,Red,15095
14997,Test 14996,Test,#FFF,Test,15006,Red,15096
14998,Test 14997,Test,#FFF,Test,15007,Red,15097
14999,Test 14998,Test,#FFF,Test,15008,Red,15098
15000,Test 14999,Test,#FFF,Test,15009,Red,15099
